USE AZA_90 ;

INSERT INTO m_delivery 
  (delivery_cd, delivery_nm1, delivery_nm2, sch_delivery_nm, delivery_kn1, delivery_kn2, zip_cd, prefecture_cd, city_nm, town_nm, apartment_nm, address1, address2, tel, fax, delivery_class_1, delivery_class_2, delivery_class_3, remark, memo, cre_user, cre_prg, cre_ip, cre_date, upd_user, upd_prg, upd_ip, upd_date, del_user, del_prg, del_ip, del_date, del_flg)
VALUES
  ('CD001', 'Delivery Name 1', 'Delivery Name 2', 'Schedule Name 1', 'Knowledge 1', 'Knowledge 2', '12345', 'AB', 'City 1', 'Town 1', 'Apt 1', 'Address 1', 'Address 2', '1234567890', '1234567890', 'A', 'X', 'I', 'Remark 1', 'Memo 1', 'User 1', 'Program 1', '127.0.0.1', GETDATE(), 'User 2', 'Program 2', '127.0.0.1', GETDATE(), 'User 3', 'Program 3', '127.0.0.1', GETDATE(), 0),
  ('CD002', 'Delivery Name 2', 'Delivery Name 3', 'Schedule Name 2', 'Knowledge 2', 'Knowledge 3', '23456', 'BC', 'City 2', 'Town 2', 'Apt 2', 'Address 3', 'Address 4', '2345678901', '2345678901', 'B', 'Y', 'II', 'Remark 2', 'Memo 2', 'User 2', 'Program 2', '192.168.1.1', GETDATE(), 'User 3', 'Program 3', '192.168.1.2', GETDATE(), 'User 4', 'Program 4', '192.168.1.3', GETDATE(), 0),
  ('CD003', 'Delivery Name 3', 'Delivery Name 4', 'Schedule Name 3', 'Knowledge 3', 'Knowledge 4', '34567', 'CD', 'City 3', 'Town 3', 'Apt 3', 'Address 5', 'Address 6', '3456789012', '3456789012', 'C', 'Z', 'III', 'Remark 3', 'Memo 3', 'User 3', 'Program 3', '10.0.0.1', GETDATE(), 'User 4', 'Program 4', '10.0.0.2', GETDATE(), 'User 5', 'Program 5', '10.0.0.3', GETDATE(), 1),
  ('CD004', 'Delivery Name 4', 'Delivery Name 5', 'Schedule Name 4', 'Knowledge 4', 'Knowledge 5', '45678', 'DE', 'City 4', 'Town 4', 'Apt 4', 'Address 7', 'Address 8', '4567890123', '4567890123', 'A', 'X', 'I', 'Remark 4', 'Memo 4', 'User 4', 'Program 4', '172.16.0.1', GETDATE(), 'User 5', 'Program 5', '172.16.0.2', GETDATE(), 'User 6', 'Program 6', '172.16.0.3', GETDATE(), 0),
  ('CD005', 'Delivery Name 5', 'Delivery Name 6', 'Schedule Name 5', 'Knowledge 5', 'Knowledge 6', '56789', 'EF', 'City 5', 'Town 5', 'Apt 5', 'Address 9', 'Address 10', '5678901234', '5678901234', 'B', 'Y', 'II', 'Remark 5', 'Memo 5', 'User 5', 'Program 5', '192.168.0.1', GETDATE(), 'User 6', 'Program 6', '192.168.0.2', GETDATE(), 'User 7', 'Program 7', '192.168.0.3', GETDATE(), 0),
  ('CD006', 'Delivery Name 6', 'Delivery Name 7', 'Schedule Name 6', 'Knowledge 6', 'Knowledge 7', '67890', 'FG', 'City 6', 'Town 6', 'Apt 6', 'Address 11', 'Address 12', '6789012345', '6789012345', 'C', 'Z', 'III', 'Remark 6', 'Memo 6', 'User 6', 'Program 6', '10.1.0.1', GETDATE(), 'User 7', 'Program 7', '10.1.0.2', GETDATE(), 'User 8', 'Program 8', '10.1.0.3', GETDATE(), 1),
  ('CD007', 'Delivery Name 7', 'Delivery Name 8', 'Schedule Name 7', 'Knowledge 7', 'Knowledge 8', '78901', 'GH', 'City 7', 'Town 7', 'Apt 7', 'Address 13', 'Address 14', '7890123456', '7890123456', 'A', 'X', 'I', 'Remark 7', 'Memo 7', 'User 7', 'Program 7', '172.17.0.1', GETDATE(), 'User 8', 'Program 8', '172.17.0.2', GETDATE(), 'User 9', 'Program 9', '172.17.0.3', GETDATE(), 0),
  ('CD008', 'Delivery Name 8', 'Delivery Name 9', 'Schedule Name 8', 'Knowledge 8', 'Knowledge 9', '89012', 'IJ', 'City 8', 'Town 8', 'Apt 8', 'Address 15', 'Address 16', '8901234567', '8901234567', 'B', 'Y', 'II', 'Remark 8', 'Memo 8', 'User 8', 'Program 8', '192.169.0.1', GETDATE(), 'User 9', 'Program 9', '192.169.0.2', GETDATE(), 'User 10', 'Program 10', '192.169.0.3', GETDATE(), 0),
  ('CD009', 'Delivery Name 9', 'Delivery Name 10', 'Schedule Name 9', 'Knowledge 9', 'Knowledge 10', '90123', 'JK', 'City 9', 'Town 9', 'Apt 9', 'Address 17', 'Address 18', '9012345678', '9012345678', 'C', 'Z', 'III', 'Remark 9', 'Memo 9', 'User 9', 'Program 9', '10.2.0.1', GETDATE(), 'User 10', 'Program 10', '10.2.0.2', GETDATE(), 'User 11', 'Program 11', '10.2.0.3', GETDATE(), 1),
  ('CD010', 'Delivery Name 10', 'Delivery Name 11', 'Schedule Name 10', 'Knowledge 10', 'Knowledge 11', '01234', 'KL', 'City 10', 'Town 10', 'Apt 10', 'Address 19', 'Address 20', '0123456789', '0123456789', 'A', 'X', 'I', 'Remark 10', 'Memo 10', 'User 10', 'Program 10', '172.18.0.1', GETDATE(), 'User 11', 'Program 11', '172.18.0.2', GETDATE(), 'User 12', 'Program 12', '172.18.0.3', GETDATE(), 0);


INSERT INTO m_users 
  (user_cd, user_nm, user_kn_nm, user_ab_nm, password, user_kind_div, emp_cd, vendor_cd, vendor_emp_no, account_image_path, frame_color_div, auth_role_div, last_login_date, last_logout_date, remember_token, memo, cre_user, cre_prg, cre_ip, cre_date, upd_user, upd_prg, upd_ip, upd_date, del_user, del_prg, del_ip, del_date, del_flg)
VALUES
  ('User001', 'User Name 1', 'User Kana Name 1', 'User Abbr Name 1', 'password1', '01', 'EMP001', 'VD001', 12345, '/images/user1.jpg', 'C', 'ADM', GETDATE(), NULL, NULL, 'Memo 1', 'User 1', 'Program 1', '127.0.0.1', GETDATE(), 'User 2', 'Program 2', '127.0.0.1', GETDATE(), NULL, NULL, NULL, NULL, 0),
  ('User002', 'User Name 2', 'User Kana Name 2', 'User Abbr Name 2', 'password2', '02', 'EMP002', 'VD002', 23456, '/images/user2.jpg', 'D', 'USR', GETDATE(), NULL, NULL, 'Memo 2', 'User 2', 'Program 2', '192.168.1.1', GETDATE(), 'User 3', 'Program 3', '192.168.1.2', GETDATE(), NULL, NULL, NULL, NULL, 0),
  ('User003', 'User Name 3', 'User Kana Name 3', 'User Abbr Name 3', 'password3', '01', 'EMP003', 'VD003', 34567, '/images/user3.jpg', 'E', 'USR', GETDATE(), NULL, NULL, 'Memo 3', 'User 3', 'Program 3', '10.0.0.1', GETDATE(), 'User 4', 'Program 4', '10.0.0.2', GETDATE(), NULL, NULL, NULL, NULL, 1),
  ('User004', 'User Name 4', 'User Kana Name 4', 'User Abbr Name 4', 'password4', '02', 'EMP004', 'VD004', 45678, '/images/user4.jpg', 'F', 'ADM', GETDATE(), NULL, NULL, 'Memo 4', 'User 4', 'Program 4', '172.16.0.1', GETDATE(), 'User 5', 'Program 5', '172.16.0.2', GETDATE(), NULL, NULL, NULL, NULL, 0),
  ('User005', 'User Name 5', 'User Kana Name 5', 'User Abbr Name 5', 'password5', '01', 'EMP005', 'VD005', 56789, '/images/user5.jpg', 'A', 'USR', GETDATE(), NULL, NULL, 'Memo 5', 'User 5', 'Program 5', '192.168.0.1', GETDATE(), 'User 6', 'Program 6', '192.168.0.2', GETDATE(), NULL, NULL, NULL, NULL, 0),
  ('User006', 'User Name 6', 'User Kana Name 6', 'User Abbr Name 6', 'password6', '02', 'EMP006', 'VD006', 67890, '/images/user6.jpg', 'B', 'ADM', GETDATE(), NULL, NULL, 'Memo 6', 'User 6', 'Program 6', '10.1.0.1', GETDATE(), 'User 7', 'Program 7', '10.1.0.2', GETDATE(), NULL, NULL, NULL, NULL, 1),
  ('User007', 'User Name 7', 'User Kana Name 7', 'User Abbr Name 7', 'password7', '01', 'EMP007', 'VD007', 78901, '/images/user7.jpg', 'C', 'USR', GETDATE(), NULL, NULL, 'Memo 7', 'User 7', 'Program 7', '172.17.0.1', GETDATE(), 'User 8', 'Program 8', '172.17.0.2', GETDATE(), NULL, NULL, NULL, NULL, 0),
  ('User008', 'User Name 8', 'User Kana Name 8', 'User Abbr Name 8', 'password8', '02', 'EMP008', 'VD008', 89012, '/images/user8.jpg', 'D', 'ADM', GETDATE(), NULL, NULL, 'Memo 8', 'User 8', 'Program 8', '192.169.0.1', GETDATE(), 'User 9', 'Program 9', '192.169.0.2', GETDATE(), NULL, NULL, NULL, NULL, 0),
  ('User009', 'User Name 9', 'User Kana Name 9', 'User Abbr Name 9', 'password9', '01', 'EMP009', 'VD009', 90123, '/images/user9.jpg', 'E', 'USR', GETDATE(), NULL, NULL, 'Memo 9', 'User 9', 'Program 9', '10.2.0.1', GETDATE(), 'User 10', 'Program 10', '10.2.0.2', GETDATE(), NULL, NULL, NULL, NULL, 1),
  ('User010', 'User Name 10', 'User Kana Name 10', 'User Abbr Name 10', 'password10', '02', 'EMP010', 'VD010', 01234, '/images/user10.jpg', 'F', 'ADM', GETDATE(), NULL, NULL, 'Memo 10', 'User 10', 'Program 10', '172.18.0.1', GETDATE(), 'User 11', 'Program 11', '172.18.0.2', GETDATE(), NULL, NULL, NULL, NULL, 0);



INSERT INTO s_lib 
  (lib_cd, lib_nm, lib_val_cd_digit, change_perm_div, screen_type, memo, cre_user, cre_prg, cre_ip, cre_date, upd_user, upd_prg, upd_ip, upd_date, del_user, del_prg, del_ip, del_date, del_flg)
VALUES
  ('Lib001', 'Library Name 1', 123, 'Y', 'S', 'Memo 1', 'User 1', 'Program 1', '127.0.0.1', GETDATE(), 'User 2', 'Program 2', '127.0.0.1', GETDATE(), NULL, NULL, NULL, NULL, 0),
  ('Lib002', 'Library Name 2', 234, 'N', 'T', 'Memo 2', 'User 2', 'Program 2', '192.168.1.1', GETDATE(), 'User 3', 'Program 3', '192.168.1.2', GETDATE(), NULL, NULL, NULL, NULL, 0),
  ('Lib003', 'Library Name 3', 345, 'Y', 'S', 'Memo 3', 'User 3', 'Program 3', '10.0.0.1', GETDATE(), 'User 4', 'Program 4', '10.0.0.2', GETDATE(), NULL, NULL, NULL, NULL, 1),
  ('Lib004', 'Library Name 4', 456, 'N', 'T', 'Memo 4', 'User 4', 'Program 4', '172.16.0.1', GETDATE(), 'User 5', 'Program 5', '172.16.0.2', GETDATE(), NULL, NULL, NULL, NULL, 0),
  ('Lib005', 'Library Name 5', 567, 'Y', 'S', 'Memo 5', 'User 5', 'Program 5', '192.168.0.1', GETDATE(), 'User 6', 'Program 6', '192.168.0.2', GETDATE(), NULL, NULL, NULL, NULL, 0),
  ('Lib006', 'Library Name 6', 678, 'N', 'T', 'Memo 6', 'User 6', 'Program 6', '10.1.0.1', GETDATE(), 'User 7', 'Program 7', '10.1.0.2', GETDATE(), NULL, NULL, NULL, NULL, 1),
  ('Lib007', 'Library Name 7', 789, 'Y', 'S', 'Memo 7', 'User 7', 'Program 7', '172.17.0.1', GETDATE(), 'User 8', 'Program 8', '172.17.0.2', GETDATE(), NULL, NULL, NULL, NULL, 0),
  ('Lib008', 'Library Name 8', 890, 'N', 'T', 'Memo 8', 'User 8', 'Program 8', '192.169.0.1', GETDATE(), 'User 9', 'Program 9', '192.169.0.2', GETDATE(), NULL, NULL, NULL, NULL, 0),
  ('Lib009', 'Library Name 9', 901, 'Y', 'S', 'Memo 9', 'User 9', 'Program 9', '10.2.0.1', GETDATE(), 'User 10', 'Program 10', '10.2.0.2', GETDATE(), NULL, NULL, NULL, NULL, 1),
  ('Lib010', 'Library Name 10', 012, 'N', 'T', 'Memo 10', 'User 10', 'Program 10', '172.18.0.1', GETDATE(), 'User 11', 'Program 11', '172.18.0.2', GETDATE(), NULL, NULL, NULL, NULL, 0);


INSERT INTO s_lib_val 
  (lib_cd, lib_val_cd, lib_val_nm, lib_val_kn_nm, lib_val_ab_nm, num_remarks1, num_remarks2, num_remarks3, char_remarks1, char_remarks2, char_remarks3, inspection_check_div, inspection_onsite_check_div, inspection_content_check, inspection_cleaning_div, inspection_onsite_cleaning_div, inspection_content_cleaning, inspection_confirm_div, inspection_onsite_confirm_div, inspection_content_confirm, disp_order, ini_target_div, memo, cre_user, cre_prg, cre_ip, cre_date, upd_user, upd_prg, upd_ip, upd_date, del_user, del_prg, del_ip, del_date, del_flg)
VALUES
  ('Lib001', 'Val001', 'Value Name 1', 'Value Kana Name 1', 'Value Abbr Name 1', 10, 20, 30, 'Char Remarks 1', 'Char Remarks 2', 'Char Remarks 3', '1', '2', 'Check Content 1', '1', '2', 'Cleaning Content 1', '1', '2', 'Confirm Content 1', 1, 'A', 'Memo 1', 'User 1', 'Program 1', '127.0.0.1', GETDATE(), 'User 2', 'Program 2', '127.0.0.2', GETDATE(), NULL, NULL, NULL, NULL, 0),
  ('Lib002', 'Val002', 'Value Name 2', 'Value Kana Name 2', 'Value Abbr Name 2', 15, 25, 35, 'Char Remarks 4', 'Char Remarks 5', 'Char Remarks 6', '2', '1', 'Check Content 2', '2', '1', 'Cleaning Content 2', '2', '1', 'Confirm Content 2', 2, 'B', 'Memo 2', 'User 2', 'Program 2', '192.168.0.1', GETDATE(), 'User 3', 'Program 3', '192.168.0.2', GETDATE(), NULL, NULL, NULL, NULL, 0),
  ('Lib003', 'Val003', 'Value Name 3', 'Value Kana Name 3', 'Value Abbr Name 3', 20, 30, 40, 'Char Remarks 7', 'Char Remarks 8', 'Char Remarks 9', '1', '2', 'Check Content 3', '1', '2', 'Cleaning Content 3', '1', '2', 'Confirm Content 3', 3, 'A', 'Memo 3', 'User 3', 'Program 3', '10.2.0.1', GETDATE(), 'User 4', 'Program 4', '10.2.0.2', GETDATE(), NULL, NULL, NULL, NULL, 0),
  ('Lib004', 'Val004', 'Value Name 4', 'Value Kana Name 4', 'Value Abbr Name 4', 25, 35, 45, 'Char Remarks 10', 'Char Remarks 11', 'Char Remarks 12', '2', '1', 'Check Content 4', '2', '1', 'Cleaning Content 4', '2', '1', 'Confirm Content 4', 4, 'B', 'Memo 4', 'User 4', 'Program 4', '172.18.0.1', GETDATE(), 'User 5', 'Program 5', '172.18.0.2', GETDATE(), NULL, NULL, NULL, NULL, 0),
  ('Lib005', 'Val005', 'Value Name 5', 'Value Kana Name 5', 'Value Abbr Name 5', 30, 40, 50, 'Char Remarks 13', 'Char Remarks 14', 'Char Remarks 15', '1', '2', 'Check Content 5', '1', '2', 'Cleaning Content 5', '1', '2', 'Confirm Content 5', 5, 'A', 'Memo 5', 'User 5', 'Program 5', '192.168.1.1', GETDATE(), 'User 6', 'Program 6', '192.168.1.2', GETDATE(), NULL, NULL, NULL, NULL, 0),
  ('Lib006', 'Val006', 'Value Name 6', 'Value Kana Name 6', 'Value Abbr Name 6', 35, 45, 55, 'Char Remarks 16', 'Char Remarks 17', 'Char Remarks 18', '2', '1', 'Check Content 6', '2', '1', 'Cleaning Content 6', '2', '1', 'Confirm Content 6', 6, 'B', 'Memo 6', 'User 6', 'Program 6', '10.3.0.1', GETDATE(), 'User 7', 'Program 7', '10.3.0.2', GETDATE(), NULL, NULL, NULL, NULL, 0),
  ('Lib007', 'Val007', 'Value Name 7', 'Value Kana Name 7', 'Value Abbr Name 7', 40, 50, 60, 'Char Remarks 19', 'Char Remarks 20', 'Char Remarks 21', '1', '2', 'Check Content 7', '1', '2', 'Cleaning Content 7', '1', '2', 'Confirm Content 7', 7, 'A', 'Memo 7', 'User 7', 'Program 7', '172.19.0.1', GETDATE(), 'User 8', 'Program 8', '172.19.0.2', GETDATE(), NULL, NULL, NULL, NULL, 0),
  ('Lib008', 'Val008', 'Value Name 8', 'Value Kana Name 8', 'Value Abbr Name 8', 45, 55, 65, 'Char Remarks 22', 'Char Remarks 23', 'Char Remarks 24', '2', '1', 'Check Content 8', '2', '1', 'Cleaning Content 8', '2', '1', 'Confirm Content 8', 8, 'B', 'Memo 8', 'User 8', 'Program 8', '192.168.2.1', GETDATE(), 'User 9', 'Program 9', '192.168.2.2', GETDATE(), NULL, NULL, NULL, NULL, 0),
  ('Lib009', 'Val009', 'Value Name 9', 'Value Kana Name 9', 'Value Abbr Name 9', 50, 60, 70, 'Char Remarks 25', 'Char Remarks 26', 'Char Remarks 27', '1', '2', 'Check Content 9', '1', '2', 'Cleaning Content 9', '1', '2', 'Confirm Content 9', 9, 'A', 'Memo 9', 'User 9', 'Program 9', '10.4.0.1', GETDATE(), 'User 10', 'Program 10', '10.4.0.2', GETDATE(), NULL, NULL, NULL, NULL, 0),
  ('Lib010', 'Val010', 'Value Name 10', 'Value Kana Name 10', 'Value Abbr Name 10', 55, 65, 75, 'Char Remarks 28', 'Char Remarks 29', 'Char Remarks 30', '2', '1', 'Check Content 10', '2', '1', 'Cleaning Content 10', '2', '1', 'Confirm Content 10', 10, 'B', 'Memo 10', 'User 10', 'Program 10', '172.20.0.1', GETDATE(), 'User 11', 'Program 11', '172.20.0.2', GETDATE(), NULL, NULL, NULL, NULL, 0);


  INSERT INTO s_message 
  (message_cd, type, message_nm, message, memo, cre_user, cre_prg, cre_ip, cre_date, upd_user, upd_prg, upd_ip, upd_date, del_user, del_prg, del_ip, del_date, del_flg)
VALUES
  ('M001', 1, 'Message Name 1', 'This is message 1.', 'Memo 1', 'User 1', 'Program 1', '127.0.0.1', GETDATE(), 'User 2', 'Program 2', '127.0.0.2', GETDATE(), NULL, NULL, NULL, NULL, 0),
  ('M002', 2, 'Message Name 2', 'This is message 2.', 'Memo 2', 'User 2', 'Program 2', '192.168.0.1', GETDATE(), 'User 3', 'Program 3', '192.168.0.2', GETDATE(), NULL, NULL, NULL, NULL, 0),
  ('M003', 1, 'Message Name 3', 'This is message 3.', 'Memo 3', 'User 3', 'Program 3', '10.2.0.1', GETDATE(), 'User 4', 'Program 4', '10.2.0.2', GETDATE(), NULL, NULL, NULL, NULL, 0),
  ('M004', 2, 'Message Name 4', 'This is message 4.', 'Memo 4', 'User 4', 'Program 4', '172.18.0.1', GETDATE(), 'User 5', 'Program 5', '172.18.0.2', GETDATE(), NULL, NULL, NULL, NULL, 0),
  ('M005', 1, 'Message Name 5', 'This is message 5.', 'Memo 5', 'User 5', 'Program 5', '192.168.1.1', GETDATE(), 'User 6', 'Program 6', '192.168.1.2', GETDATE(), NULL, NULL, NULL, NULL, 0),
  ('M006', 2, 'Message Name 6', 'This is message 6.', 'Memo 6', 'User 6', 'Program 6', '10.3.0.1', GETDATE(), 'User 7', 'Program 7', '10.3.0.2', GETDATE(), NULL, NULL, NULL, NULL, 0),
  ('M007', 1, 'Message Name 7', 'This is message 7.', 'Memo 7', 'User 7', 'Program 7', '172.19.0.1', GETDATE(), 'User 8', 'Program 8', '172.19.0.2', GETDATE(), NULL, NULL, NULL, NULL, 0),
  ('M008', 2, 'Message Name 8', 'This is message 8.', 'Memo 8', 'User 8', 'Program 8', '192.168.2.1', GETDATE(), 'User 9', 'Program 9', '192.168.2.2', GETDATE(), NULL, NULL, NULL, NULL, 0),
  ('M009', 1, 'Message Name 9', 'This is message 9.', 'Memo 9', 'User 9', 'Program 9', '10.4.0.1', GETDATE(), 'User 10', 'Program 10', '10.4.0.2', GETDATE(), NULL, NULL, NULL, NULL, 0),
  ('M010', 2, 'Message Name 10', 'This is message 10.', 'Memo 10', 'User 10', 'Program 10', '172.20.0.1', GETDATE(), 'User 11', 'Program 11', '172.20.0.2', GETDATE(), NULL, NULL, NULL, NULL, 0);
